id,model,regular,incremental
0,GlobalAnchors,0.337037037037037,0.12962962962962962
1,ProcrustesAligner,0.2740740740740741,0.12962962962962962
2,KendallTau,0.0,0.0
3,Jaccard,0.0,0.07407407407407407
4,united,0.3037037037037037,0.17407407407407408
