id,model,regular,incremental
0,GlobalAnchors,0.16666666666666666,0.2037037037037037
1,ProcrustesAligner,0.25925925925925924,0.10582010582010581
2,KendallTau,0.0,0.0
3,Jaccard,0.05555555555555555,0.0
4,united,0.2296296296296296,0.2148148148148148
