id,model,regular,incremental
0,GlobalAnchors,0.2037037037037037,0.2037037037037037
1,ProcrustesAligner,0.24814814814814815,0.10582010582010581
2,KendallTau,0.0,0.0
3,Jaccard,0.05555555555555555,0.0
4,united,0.15555555555555556,0.17037037037037037
