id,model,regular,incremental
0,GlobalAnchors,0.40769306271678557,0.33701658964816855
1,ProcrustesAligner,0.3873724150758765,0.3375967437370946
2,KendallTau,0.2933664126646583,0.2933664126646583
3,Jaccard,0.2933664126646583,0.3186563490657058
4,united,0.39588503535320263,0.35220279853922787
