id,model,regular,incremental
0,GlobalAnchors,0.37995164811377247,0.3711747936059238
1,ProcrustesAligner,0.42593840897824126,0.3259694578969625
2,KendallTau,0.2848997321247128,0.3031833252301089
3,Jaccard,0.33626307181704185,0.2901050670001349
4,united,0.46549422940707763,0.4056801377151485
